Year,Cause,Death,Ranking
2001,Salmonella infections ,1,43
2002,Salmonella infections ,6,41
2003,Salmonella infections ,8,40
2004,Salmonella infections ,5,41
2005,Salmonella infections ,4,41
2006,Salmonella infections ,1,42
2007,Salmonella infections ,5,42
2008,Salmonella infections ,7,41
2009,Salmonella infections ,5,41
2010,Salmonella infections ,9,41
2011,Salmonella infections ,5,41
2012,Salmonella infections ,8,41
2013,Salmonella infections ,11,40
2014,Salmonella infections ,10,40
2015,Salmonella infections ,12,40
2016,Salmonella infections ,5,42
2017,Salmonella infections ,10,40
2018,Salmonella infections ,7,40
2019,Salmonella infections ,6,41
2020,Salmonella infections ,9,41
2021,Salmonella infections ,11,39
2022,Salmonella infections ,12,40
2001,Shigellosis and amoebiasis ,1,43
2002,Shigellosis and amoebiasis ,0,45
2003,Shigellosis and amoebiasis ,0,45
2004,Shigellosis and amoebiasis ,1,42
2005,Shigellosis and amoebiasis ,0,45
2006,Shigellosis and amoebiasis ,0,45
2007,Shigellosis and amoebiasis ,0,45
2008,Shigellosis and amoebiasis ,1,45
2009,Shigellosis and amoebiasis ,2,43
2010,Shigellosis and amoebiasis ,0,46
2011,Shigellosis and amoebiasis ,0,46
2012,Shigellosis and amoebiasis ,0,46
2013,Shigellosis and amoebiasis ,0,45
2014,Shigellosis and amoebiasis ,0,47
2015,Shigellosis and amoebiasis ,0,45
2016,Shigellosis and amoebiasis ,0,46
2017,Shigellosis and amoebiasis ,0,46
2018,Shigellosis and amoebiasis ,1,43
2019,Shigellosis and amoebiasis ,0,46
2020,Shigellosis and amoebiasis ,0,45
2021,Shigellosis and amoebiasis ,1,45
2022,Shigellosis and amoebiasis ,0,46
2001,Tuberculosis ,108,30
2002,Tuberculosis ,102,30
2003,Tuberculosis ,93,31
2004,Tuberculosis ,70,32
2005,Tuberculosis ,87,31
2006,Tuberculosis ,90,31
2007,Tuberculosis ,93,32
2008,Tuberculosis ,92,31
2009,Tuberculosis ,61,35
2010,Tuberculosis ,67,34
2011,Tuberculosis ,76,33
2012,Tuberculosis ,68,33
2013,Tuberculosis ,82,33
2014,Tuberculosis ,81,33
2015,Tuberculosis ,107,32
2016,Tuberculosis ,88,33
2017,Tuberculosis ,90,33
2018,Tuberculosis ,84,34
2019,Tuberculosis ,71,34
2020,Tuberculosis ,99,34
2021,Tuberculosis ,110,34
2022,Tuberculosis ,119,33
2001,Whooping cough ,0,45
2002,Whooping cough ,0,45
2003,Whooping cough ,1,44
2004,Whooping cough ,0,45
2005,Whooping cough ,1,44
2006,Whooping cough ,0,45
2007,Whooping cough ,0,45
2008,Whooping cough ,1,45
2009,Whooping cough ,1,45
2010,Whooping cough ,1,45
2011,Whooping cough ,3,43
2012,Whooping cough ,3,43
2013,Whooping cough ,1,43
2014,Whooping cough ,2,43
2015,Whooping cough ,0,45
2016,Whooping cough ,0,46
2017,Whooping cough ,1,43
2018,Whooping cough ,1,43
2019,Whooping cough ,2,43
2020,Whooping cough ,0,45
2021,Whooping cough ,0,47
2022,Whooping cough ,0,46
2001,Scarlet fever and erysipelas ,0,45
2002,Scarlet fever and erysipelas ,0,45
2003,Scarlet fever and erysipelas ,2,43
2004,Scarlet fever and erysipelas ,0,45
2005,Scarlet fever and erysipelas ,0,45
2006,Scarlet fever and erysipelas ,1,42
2007,Scarlet fever and erysipelas ,0,45
2008,Scarlet fever and erysipelas ,3,43
2009,Scarlet fever and erysipelas ,0,47
2010,Scarlet fever and erysipelas ,0,46
2011,Scarlet fever and erysipelas ,0,46
2012,Scarlet fever and erysipelas ,0,46
2013,Scarlet fever and erysipelas ,0,45
2014,Scarlet fever and erysipelas ,1,44
2015,Scarlet fever and erysipelas ,1,43
2016,Scarlet fever and erysipelas ,1,44
2017,Scarlet fever and erysipelas ,1,43
2018,Scarlet fever and erysipelas ,0,46
2019,Scarlet fever and erysipelas ,0,46
2020,Scarlet fever and erysipelas ,0,45
2021,Scarlet fever and erysipelas ,0,47
2022,Scarlet fever and erysipelas ,1,44
2001,Meningococcal infection ,25,38
2002,Meningococcal infection ,19,37
2003,Meningococcal infection ,21,38
2004,Meningococcal infection ,14,38
2005,Meningococcal infection ,13,39
2006,Meningococcal infection ,12,38
2007,Meningococcal infection ,13,39
2008,Meningococcal infection ,14,39
2009,Meningococcal infection ,12,39
2010,Meningococcal infection ,14,40
2011,Meningococcal infection ,10,40
2012,Meningococcal infection ,14,38
2013,Meningococcal infection ,10,41
2014,Meningococcal infection ,7,41
2015,Meningococcal infection ,6,41
2016,Meningococcal infection ,9,40
2017,Meningococcal infection ,5,41
2018,Meningococcal infection ,6,42
2019,Meningococcal infection ,9,40
2020,Meningococcal infection ,8,42
2021,Meningococcal infection ,7,41
2022,Meningococcal infection ,6,42
2001,Sepsis ,1392,15
2002,Sepsis ,1489,14
2003,Sepsis ,1552,14
2004,Sepsis ,1608,14
2005,Sepsis ,1690,14
2006,Sepsis ,1852,12
2007,Sepsis ,1972,12
2008,Sepsis ,2135,12
2009,Sepsis ,2211,12
2010,Sepsis ,2257,12
2011,Sepsis ,2465,12
2012,Sepsis ,2611,12
2013,Sepsis ,2289,13
2014,Sepsis ,2359,13
2015,Sepsis ,2487,13
2016,Sepsis ,1909,13
2017,Sepsis ,2044,13
2018,Sepsis ,2195,13
2019,Sepsis ,2139,13
2020,Sepsis ,2246,14
2021,Sepsis ,2064,14
2022,Sepsis ,2183,14
2001,Syphilis ,2,41
2002,Syphilis ,4,42
2003,Syphilis ,5,42
2004,Syphilis ,1,42
2005,Syphilis ,2,43
2006,Syphilis ,3,41
2007,Syphilis ,6,41
2008,Syphilis ,5,42
2009,Syphilis ,3,42
2010,Syphilis ,4,42
2011,Syphilis ,4,42
2012,Syphilis ,4,42
2013,Syphilis ,5,42
2014,Syphilis ,3,42
2015,Syphilis ,4,42
2016,Syphilis ,8,41
2017,Syphilis ,5,41
2018,Syphilis ,7,40
2019,Syphilis ,3,42
2020,Syphilis ,6,43
2021,Syphilis ,6,43
2022,Syphilis ,4,43
2001,Acute poliomyelitis ,0,45
2002,Acute poliomyelitis ,0,45
2003,Acute poliomyelitis ,0,45
2004,Acute poliomyelitis ,0,45
2005,Acute poliomyelitis ,0,45
2006,Acute poliomyelitis ,0,45
2007,Acute poliomyelitis ,0,45
2008,Acute poliomyelitis ,0,48
2009,Acute poliomyelitis ,0,47
2010,Acute poliomyelitis ,0,46
2011,Acute poliomyelitis ,0,46
2012,Acute poliomyelitis ,0,46
2013,Acute poliomyelitis ,0,45
2014,Acute poliomyelitis ,0,47
2015,Acute poliomyelitis ,0,45
2016,Acute poliomyelitis ,0,46
2017,Acute poliomyelitis ,0,46
2018,Acute poliomyelitis ,0,46
2019,Acute poliomyelitis ,0,46
2020,Acute poliomyelitis ,0,45
2021,Acute poliomyelitis ,0,47
2022,Acute poliomyelitis ,0,46
2001,Arthropod-borne viral encephalitis ,0,45
2002,Arthropod-borne viral encephalitis ,0,45
2003,Arthropod-borne viral encephalitis ,0,45
2004,Arthropod-borne viral encephalitis ,0,45
2005,Arthropod-borne viral encephalitis ,0,45
2006,Arthropod-borne viral encephalitis ,0,45
2007,Arthropod-borne viral encephalitis ,0,45
2008,Arthropod-borne viral encephalitis ,0,48
2009,Arthropod-borne viral encephalitis ,0,47
2010,Arthropod-borne viral encephalitis ,0,46
2011,Arthropod-borne viral encephalitis ,1,44
2012,Arthropod-borne viral encephalitis ,0,46
2013,Arthropod-borne viral encephalitis ,0,45
2014,Arthropod-borne viral encephalitis ,0,47
2015,Arthropod-borne viral encephalitis ,0,45
2016,Arthropod-borne viral encephalitis ,4,43
2017,Arthropod-borne viral encephalitis ,0,46
2018,Arthropod-borne viral encephalitis ,0,46
2019,Arthropod-borne viral encephalitis ,1,44
2020,Arthropod-borne viral encephalitis ,0,45
2021,Arthropod-borne viral encephalitis ,2,44
2022,Arthropod-borne viral encephalitis ,0,46
2001,Measles ,0,45
2002,Measles ,1,43
2003,Measles ,0,45
2004,Measles ,0,45
2005,Measles ,0,45
2006,Measles ,1,42
2007,Measles ,1,44
2008,Measles ,0,48
2009,Measles ,0,47
2010,Measles ,0,46
2011,Measles ,0,46
2012,Measles ,0,46
2013,Measles ,1,43
2014,Measles ,1,44
2015,Measles ,0,45
2016,Measles ,0,46
2017,Measles ,0,46
2018,Measles ,0,46
2019,Measles ,1,44
2020,Measles ,0,45
2021,Measles ,0,47
2022,Measles ,0,46
2001,Viral hepatitis ,320,25
2002,Viral hepatitis ,379,25
2003,Viral hepatitis ,394,25
2004,Viral hepatitis ,409,25
2005,Viral hepatitis ,398,24
2006,Viral hepatitis ,457,22
2007,Viral hepatitis ,455,23
2008,Viral hepatitis ,446,23
2009,Viral hepatitis ,451,23
2010,Viral hepatitis ,486,22
2011,Viral hepatitis ,465,23
2012,Viral hepatitis ,525,21
2013,Viral hepatitis ,540,21
2014,Viral hepatitis ,556,21
2015,Viral hepatitis ,528,21
2016,Viral hepatitis ,446,22
2017,Viral hepatitis ,371,26
2018,Viral hepatitis ,357,26
2019,Viral hepatitis ,311,26
2020,Viral hepatitis ,262,27
2021,Viral hepatitis ,271,28
2022,Viral hepatitis ,210,29
2001,Human immunodeficiency virus ,435,24
2002,Human immunodeficiency virus ,405,24
2003,Human immunodeficiency virus ,440,23
2004,Human immunodeficiency virus ,420,23
2005,Human immunodeficiency virus ,468,23
2006,Human immunodeficiency virus ,428,23
2007,Human immunodeficiency virus ,422,24
2008,Human immunodeficiency virus ,407,25
2009,Human immunodeficiency virus ,355,26
2010,Human immunodeficiency virus ,336,26
2011,Human immunodeficiency virus ,306,27
2012,Human immunodeficiency virus ,276,27
2013,Human immunodeficiency virus ,241,27
2014,Human immunodeficiency virus ,205,27
2015,Human immunodeficiency virus ,190,28
2016,Human immunodeficiency virus ,175,28
2017,Human immunodeficiency virus ,142,28
2018,Human immunodeficiency virus ,142,31
2019,Human immunodeficiency virus ,105,32
2020,Human immunodeficiency virus ,136,32
2021,Human immunodeficiency virus ,133,32
2022,Human immunodeficiency virus ,129,32
2001,Malaria ,2,41
2002,Malaria ,0,45
2003,Malaria ,0,45
2004,Malaria ,0,45
2005,Malaria ,3,42
2006,Malaria ,0,45
2007,Malaria ,2,43
2008,Malaria ,2,44
2009,Malaria ,2,43
2010,Malaria ,4,42
2011,Malaria ,1,44
2012,Malaria ,3,43
2013,Malaria ,0,45
2014,Malaria ,1,44
2015,Malaria ,1,43
2016,Malaria ,0,46
2017,Malaria ,0,46
2018,Malaria ,1,43
2019,Malaria ,0,46
2020,Malaria ,0,45
2021,Malaria ,0,47
2022,Malaria ,1,44
2001,Malignant neoplasms ,63774,1
2002,Malignant neoplasms ,65103,1
2003,Malignant neoplasms ,65990,1
2004,Malignant neoplasms ,66947,1
2005,Malignant neoplasms ,67343,1
2006,Malignant neoplasms ,67807,1
2007,Malignant neoplasms ,69595,1
2008,Malignant neoplasms ,70558,1
2009,Malignant neoplasms ,71125,1
2010,Malignant neoplasms ,71882,1
2011,Malignant neoplasms ,72736,1
2012,Malignant neoplasms ,74361,1
2013,Malignant neoplasms ,75112,1
2014,Malignant neoplasms ,77059,1
2015,Malignant neoplasms ,77054,1
2016,Malignant neoplasms ,79084,1
2017,Malignant neoplasms ,80023,1
2018,Malignant neoplasms ,79726,1
2019,Malignant neoplasms ,80372,1
2020,Malignant neoplasms ,81242,1
2021,Malignant neoplasms ,82822,1
2022,Malignant neoplasms ,82412,1
2001,"In situ neoplasms, benign neoplasms and neoplasms of uncertain or unknown behaviour ",1431,14
2002,"In situ neoplasms, benign neoplasms and neoplasms of uncertain or unknown behaviour ",1488,15
2003,"In situ neoplasms, benign neoplasms and neoplasms of uncertain or unknown behaviour ",1433,15
2004,"In situ neoplasms, benign neoplasms and neoplasms of uncertain or unknown behaviour ",1375,16
2005,"In situ neoplasms, benign neoplasms and neoplasms of uncertain or unknown behaviour ",1447,16
2006,"In situ neoplasms, benign neoplasms and neoplasms of uncertain or unknown behaviour ",1415,16
2007,"In situ neoplasms, benign neoplasms and neoplasms of uncertain or unknown behaviour ",1429,16
2008,"In situ neoplasms, benign neoplasms and neoplasms of uncertain or unknown behaviour ",1390,17
2009,"In situ neoplasms, benign neoplasms and neoplasms of uncertain or unknown behaviour ",1459,17
2010,"In situ neoplasms, benign neoplasms and neoplasms of uncertain or unknown behaviour ",1351,17
2011,"In situ neoplasms, benign neoplasms and neoplasms of uncertain or unknown behaviour ",1436,17
2012,"In situ neoplasms, benign neoplasms and neoplasms of uncertain or unknown behaviour ",1469,16
2013,"In situ neoplasms, benign neoplasms and neoplasms of uncertain or unknown behaviour ",1531,14
2014,"In situ neoplasms, benign neoplasms and neoplasms of uncertain or unknown behaviour ",1461,15
2015,"In situ neoplasms, benign neoplasms and neoplasms of uncertain or unknown behaviour ",1526,14
2016,"In situ neoplasms, benign neoplasms and neoplasms of uncertain or unknown behaviour ",1629,14
2017,"In situ neoplasms, benign neoplasms and neoplasms of uncertain or unknown behaviour ",1609,14
2018,"In situ neoplasms, benign neoplasms and neoplasms of uncertain or unknown behaviour ",1752,14
2019,"In situ neoplasms, benign neoplasms and neoplasms of uncertain or unknown behaviour ",1767,14
2020,"In situ neoplasms, benign neoplasms and neoplasms of uncertain or unknown behaviour ",1860,16
2021,"In situ neoplasms, benign neoplasms and neoplasms of uncertain or unknown behaviour ",1793,17
2022,"In situ neoplasms, benign neoplasms and neoplasms of uncertain or unknown behaviour ",1803,17
2001,Anaemias ,487,21
2002,Anaemias ,515,21
2003,Anaemias ,532,21
2004,Anaemias ,417,24
2005,Anaemias ,494,22
2006,Anaemias ,395,24
2007,Anaemias ,499,22
2008,Anaemias ,512,22
2009,Anaemias ,524,22
2010,Anaemias ,480,23
2011,Anaemias ,541,22
2012,Anaemias ,477,23
2013,Anaemias ,505,22
2014,Anaemias ,459,22
2015,Anaemias ,471,22
2016,Anaemias ,474,21
2017,Anaemias ,541,21
2018,Anaemias ,523,21
2019,Anaemias ,543,20
2020,Anaemias ,627,21
2021,Anaemias ,652,21
2022,Anaemias ,654,21
2001,Diabetes mellitus ,7097,6
2002,Diabetes mellitus ,7868,6
2003,Diabetes mellitus ,7970,6
2004,Diabetes mellitus ,7823,6
2005,Diabetes mellitus ,7881,6
2006,Diabetes mellitus ,7261,6
2007,Diabetes mellitus ,7394,6
2008,Diabetes mellitus ,7521,6
2009,Diabetes mellitus ,6923,6
2010,Diabetes mellitus ,6942,6
2011,Diabetes mellitus ,7255,6
2012,Diabetes mellitus ,6993,6
2013,Diabetes mellitus ,7045,6
2014,Diabetes mellitus ,7071,6
2015,Diabetes mellitus ,7172,7
2016,Diabetes mellitus ,6838,6
2017,Diabetes mellitus ,6938,7
2018,Diabetes mellitus ,6864,7
2019,Diabetes mellitus ,6987,6
2020,Diabetes mellitus ,7654,7
2021,Diabetes mellitus ,7472,7
2022,Diabetes mellitus ,7557,7
2001,Nutritional deficiencies ,212,27
2002,Nutritional deficiencies ,239,27
2003,Nutritional deficiencies ,232,28
2004,Nutritional deficiencies ,246,28
2005,Nutritional deficiencies ,246,28
2006,Nutritional deficiencies ,201,29
2007,Nutritional deficiencies ,233,28
2008,Nutritional deficiencies ,239,28
2009,Nutritional deficiencies ,220,28
2010,Nutritional deficiencies ,222,28
2011,Nutritional deficiencies ,243,28
2012,Nutritional deficiencies ,202,28
2013,Nutritional deficiencies ,182,28
2014,Nutritional deficiencies ,169,28
2015,Nutritional deficiencies ,218,27
2016,Nutritional deficiencies ,192,27
2017,Nutritional deficiencies ,227,27
2018,Nutritional deficiencies ,250,27
2019,Nutritional deficiencies ,217,27
2020,Nutritional deficiencies ,254,28
2021,Nutritional deficiencies ,274,27
2022,Nutritional deficiencies ,321,26
2001,Meningitis ,60,33
2002,Meningitis ,57,33
2003,Meningitis ,55,34
2004,Meningitis ,53,35
2005,Meningitis ,53,35
2006,Meningitis ,66,34
2007,Meningitis ,57,36
2008,Meningitis ,55,34
2009,Meningitis ,75,33
2010,Meningitis ,77,33
2011,Meningitis ,58,34
2012,Meningitis ,37,36
2013,Meningitis ,60,35
2014,Meningitis ,68,35
2015,Meningitis ,53,35
2016,Meningitis ,62,34
2017,Meningitis ,83,34
2018,Meningitis ,93,33
2019,Meningitis ,77,33
2020,Meningitis ,76,35
2021,Meningitis ,58,35
2022,Meningitis ,89,35
2001,Parkinson's disease ,1609,13
2002,Parkinson's disease ,1664,13
2003,Parkinson's disease ,1679,13
2004,Parkinson's disease ,1657,13
2005,Parkinson's disease ,1890,13
2006,Parkinson's disease ,1686,14
2007,Parkinson's disease ,1890,13
2008,Parkinson's disease ,1869,13
2009,Parkinson's disease ,1901,13
2010,Parkinson's disease ,2015,13
2011,Parkinson's disease ,2019,13
2012,Parkinson's disease ,2172,13
2013,Parkinson's disease ,2354,12
2014,Parkinson's disease ,2456,12
2015,Parkinson's disease ,2543,12
2016,Parkinson's disease ,2825,12
2017,Parkinson's disease ,3137,12
2018,Parkinson's disease ,3104,12
2019,Parkinson's disease ,3155,12
2020,Parkinson's disease ,3458,13
2021,Parkinson's disease ,3489,13
2022,Parkinson's disease ,3617,12
2001,Alzheimer's disease ,5477,7
2002,Alzheimer's disease ,5515,7
2003,Alzheimer's disease ,5504,7
2004,Alzheimer's disease ,5536,8
2005,Alzheimer's disease ,5762,8
2006,Alzheimer's disease ,5675,7
2007,Alzheimer's disease ,5903,7
2008,Alzheimer's disease ,6573,7
2009,Alzheimer's disease ,6281,7
2010,Alzheimer's disease ,6452,7
2011,Alzheimer's disease ,6377,7
2012,Alzheimer's disease ,6293,7
2013,Alzheimer's disease ,6345,8
2014,Alzheimer's disease ,6410,8
2015,Alzheimer's disease ,6587,8
2016,Alzheimer's disease ,6521,7
2017,Alzheimer's disease ,6683,8
2018,Alzheimer's disease ,6439,8
2019,Alzheimer's disease ,6181,8
2020,Alzheimer's disease ,5788,9
2021,Alzheimer's disease ,5471,8
2022,Alzheimer's disease ,5413,9
2001,Diseases of heart ,53717,2
2002,Diseases of heart ,53355,2
2003,Diseases of heart ,52974,2
2004,Diseases of heart ,52000,2
2005,Diseases of heart ,51574,2
2006,Diseases of heart ,49893,2
2007,Diseases of heart ,50499,2
2008,Diseases of heart ,50722,2
2009,Diseases of heart ,49271,2
2010,Diseases of heart ,48757,2
2011,Diseases of heart ,47911,2
2012,Diseases of heart ,48681,2
2013,Diseases of heart ,49891,2
2014,Diseases of heart ,51014,2
2015,Diseases of heart ,51534,2
2016,Diseases of heart ,51396,2
2017,Diseases of heart ,53494,2
2018,Diseases of heart ,54203,2
2019,Diseases of heart ,53364,2
2020,Diseases of heart ,54430,2
2021,Diseases of heart ,55271,2
2022,Diseases of heart ,57357,2
2001,Essential hypertension and hypertensive renal disease ,1032,17
2002,Essential hypertension and hypertensive renal disease ,1187,17
2003,Essential hypertension and hypertensive renal disease ,1259,17
2004,Essential hypertension and hypertensive renal disease ,1356,17
2005,Essential hypertension and hypertensive renal disease ,1456,15
2006,Essential hypertension and hypertensive renal disease ,1284,17
2007,Essential hypertension and hypertensive renal disease ,1363,17
2008,Essential hypertension and hypertensive renal disease ,1553,16
2009,Essential hypertension and hypertensive renal disease ,1584,15
2010,Essential hypertension and hypertensive renal disease ,1651,15
2011,Essential hypertension and hypertensive renal disease ,1613,15
2012,Essential hypertension and hypertensive renal disease ,1602,15
2013,Essential hypertension and hypertensive renal disease ,1524,15
2014,Essential hypertension and hypertensive renal disease ,1499,14
2015,Essential hypertension and hypertensive renal disease ,1502,15
2016,Essential hypertension and hypertensive renal disease ,1512,15
2017,Essential hypertension and hypertensive renal disease ,1441,17
2018,Essential hypertension and hypertensive renal disease ,1451,17
2019,Essential hypertension and hypertensive renal disease ,1588,15
2020,Essential hypertension and hypertensive renal disease ,1964,15
2021,Essential hypertension and hypertensive renal disease ,1983,15
2022,Essential hypertension and hypertensive renal disease ,2074,16
2001,Cerebrovascular diseases ,15452,3
2002,Cerebrovascular diseases ,15453,3
2003,Cerebrovascular diseases ,15283,3
2004,Cerebrovascular diseases ,14626,3
2005,Cerebrovascular diseases ,14054,3
2006,Cerebrovascular diseases ,13805,3
2007,Cerebrovascular diseases ,13981,3
2008,Cerebrovascular diseases ,13870,3
2009,Cerebrovascular diseases ,14105,3
2010,Cerebrovascular diseases ,13706,3
2011,Cerebrovascular diseases ,13332,3
2012,Cerebrovascular diseases ,13174,3
2013,Cerebrovascular diseases ,13400,3
2014,Cerebrovascular diseases ,13573,3
2015,Cerebrovascular diseases ,13795,3
2016,Cerebrovascular diseases ,13551,3
2017,Cerebrovascular diseases ,13934,4
2018,Cerebrovascular diseases ,13547,4
2019,Cerebrovascular diseases ,13717,4
2020,Cerebrovascular diseases ,13761,5
2021,Cerebrovascular diseases ,13491,5
2022,Cerebrovascular diseases ,13915,5
2001,Atherosclerosis ,1208,16
2002,Atherosclerosis ,1244,16
2003,Atherosclerosis ,1335,16
2004,Atherosclerosis ,1454,15
2005,Atherosclerosis ,1306,18
2006,Atherosclerosis ,960,19
2007,Atherosclerosis ,842,20
2008,Atherosclerosis ,850,20
2009,Atherosclerosis ,816,20
2010,Atherosclerosis ,764,20
2011,Atherosclerosis ,766,20
2012,Atherosclerosis ,671,20
2013,Atherosclerosis ,708,20
2014,Atherosclerosis ,671,20
2015,Atherosclerosis ,566,20
2016,Atherosclerosis ,570,20
2017,Atherosclerosis ,612,20
2018,Atherosclerosis ,526,20
2019,Atherosclerosis ,531,21
2020,Atherosclerosis ,538,24
2021,Atherosclerosis ,468,24
2022,Atherosclerosis ,471,25
2001,Aortic aneurysm and dissection ,1954,12
2002,Aortic aneurysm and dissection ,1919,12
2003,Aortic aneurysm and dissection ,1870,12
2004,Aortic aneurysm and dissection ,1861,12
2005,Aortic aneurysm and dissection ,1902,12
2006,Aortic aneurysm and dissection ,1791,13
2007,Aortic aneurysm and dissection ,1787,14
2008,Aortic aneurysm and dissection ,1668,14
2009,Aortic aneurysm and dissection ,1564,16
2010,Aortic aneurysm and dissection ,1533,16
2011,Aortic aneurysm and dissection ,1487,16
2012,Aortic aneurysm and dissection ,1386,17
2013,Aortic aneurysm and dissection ,1482,16
2014,Aortic aneurysm and dissection ,1454,16
2015,Aortic aneurysm and dissection ,1483,16
2016,Aortic aneurysm and dissection ,1400,17
2017,Aortic aneurysm and dissection ,1518,16
2018,Aortic aneurysm and dissection ,1601,16
2019,Aortic aneurysm and dissection ,1584,16
2020,Aortic aneurysm and dissection ,1537,18
2021,Aortic aneurysm and dissection ,1544,18
2022,Aortic aneurysm and dissection ,1509,18
2001,Influenza and pneumonia ,4776,8
2002,Influenza and pneumonia ,4725,8
2003,Influenza and pneumonia ,4957,8
2004,Influenza and pneumonia ,5729,7
2005,Influenza and pneumonia ,5845,7
2006,Influenza and pneumonia ,5152,8
2007,Influenza and pneumonia ,5452,8
2008,Influenza and pneumonia ,5386,8
2009,Influenza and pneumonia ,5826,8
2010,Influenza and pneumonia ,5106,8
2011,Influenza and pneumonia ,5787,8
2012,Influenza and pneumonia ,5694,8
2013,Influenza and pneumonia ,6551,7
2014,Influenza and pneumonia ,6597,7
2015,Influenza and pneumonia ,7630,6
2016,Influenza and pneumonia ,6235,8
2017,Influenza and pneumonia ,7445,6
2018,Influenza and pneumonia ,8594,6
2019,Influenza and pneumonia ,6945,7
2020,Influenza and pneumonia ,6037,8
2021,Influenza and pneumonia ,4115,10
2022,Influenza and pneumonia ,5985,8
2001,Acute bronchitis and bronchiolitis ,45,34
2002,Acute bronchitis and bronchiolitis ,62,32
2003,Acute bronchitis and bronchiolitis ,40,36
2004,Acute bronchitis and bronchiolitis ,62,34
2005,Acute bronchitis and bronchiolitis ,62,33
2006,Acute bronchitis and bronchiolitis ,50,36
2007,Acute bronchitis and bronchiolitis ,71,34
2008,Acute bronchitis and bronchiolitis ,54,35
2009,Acute bronchitis and bronchiolitis ,57,36
2010,Acute bronchitis and bronchiolitis ,53,35
2011,Acute bronchitis and bronchiolitis ,47,35
2012,Acute bronchitis and bronchiolitis ,56,34
2013,Acute bronchitis and bronchiolitis ,76,34
2014,Acute bronchitis and bronchiolitis ,74,34
2015,Acute bronchitis and bronchiolitis ,69,34
2016,Acute bronchitis and bronchiolitis ,45,35
2017,Acute bronchitis and bronchiolitis ,50,36
2018,Acute bronchitis and bronchiolitis ,63,35
2019,Acute bronchitis and bronchiolitis ,22,37
2020,Acute bronchitis and bronchiolitis ,20,40
2021,Acute bronchitis and bronchiolitis ,7,41
2022,Acute bronchitis and bronchiolitis ,20,39
2001,Chronic lower respiratory diseases ,9773,4
2002,Chronic lower respiratory diseases ,9877,4
2003,Chronic lower respiratory diseases ,10162,4
2004,Chronic lower respiratory diseases ,10041,4
2005,Chronic lower respiratory diseases ,10515,4
2006,Chronic lower respiratory diseases ,9786,4
2007,Chronic lower respiratory diseases ,10659,4
2008,Chronic lower respiratory diseases ,10923,4
2009,Chronic lower respiratory diseases ,10859,4
2010,Chronic lower respiratory diseases ,10757,5
2011,Chronic lower respiratory diseases ,11243,4
2012,Chronic lower respiratory diseases ,11130,5
2013,Chronic lower respiratory diseases ,11976,4
2014,Chronic lower respiratory diseases ,11876,4
2015,Chronic lower respiratory diseases ,12573,4
2016,Chronic lower respiratory diseases ,12293,5
2017,Chronic lower respiratory diseases ,12890,5
2018,Chronic lower respiratory diseases ,13070,5
2019,Chronic lower respiratory diseases ,12902,5
2020,Chronic lower respiratory diseases ,11844,6
2021,Chronic lower respiratory diseases ,11018,6
2022,Chronic lower respiratory diseases ,12462,6
2001,Pneumoconioses and chemical effects ,61,32
2002,Pneumoconioses and chemical effects ,53,34
2003,Pneumoconioses and chemical effects ,71,32
2004,Pneumoconioses and chemical effects ,78,31
2005,Pneumoconioses and chemical effects ,74,32
2006,Pneumoconioses and chemical effects ,80,32
2007,Pneumoconioses and chemical effects ,85,33
2008,Pneumoconioses and chemical effects ,90,32
2009,Pneumoconioses and chemical effects ,84,31
2010,Pneumoconioses and chemical effects ,90,32
2011,Pneumoconioses and chemical effects ,103,32
2012,Pneumoconioses and chemical effects ,108,32
2013,Pneumoconioses and chemical effects ,119,30
2014,Pneumoconioses and chemical effects ,108,32
2015,Pneumoconioses and chemical effects ,105,33
2016,Pneumoconioses and chemical effects ,105,32
2017,Pneumoconioses and chemical effects ,102,32
2018,Pneumoconioses and chemical effects ,114,32
2019,Pneumoconioses and chemical effects ,110,31
2020,Pneumoconioses and chemical effects ,119,33
2021,Pneumoconioses and chemical effects ,127,33
2022,Pneumoconioses and chemical effects ,109,34
2001,Pneumonitis due to solids and liquids ,797,20
2002,Pneumonitis due to solids and liquids ,909,19
2003,Pneumonitis due to solids and liquids ,1051,18
2004,Pneumonitis due to solids and liquids ,1209,18
2005,Pneumonitis due to solids and liquids ,1366,17
2006,Pneumonitis due to solids and liquids ,1465,15
2007,Pneumonitis due to solids and liquids ,1614,15
2008,Pneumonitis due to solids and liquids ,1629,15
2009,Pneumonitis due to solids and liquids ,1710,14
2010,Pneumonitis due to solids and liquids ,1959,14
2011,Pneumonitis due to solids and liquids ,2009,14
2012,Pneumonitis due to solids and liquids ,2013,14
2013,Pneumonitis due to solids and liquids ,1204,17
2014,Pneumonitis due to solids and liquids ,1267,17
2015,Pneumonitis due to solids and liquids ,1271,17
2016,Pneumonitis due to solids and liquids ,1416,16
2017,Pneumonitis due to solids and liquids ,1529,15
2018,Pneumonitis due to solids and liquids ,1616,15
2019,Pneumonitis due to solids and liquids ,1573,17
2020,Pneumonitis due to solids and liquids ,1686,17
2021,Pneumonitis due to solids and liquids ,1912,16
2022,Pneumonitis due to solids and liquids ,2104,15
2001,Peptic ulcer ,469,22
2002,Peptic ulcer ,446,23
2003,Peptic ulcer ,413,24
2004,Peptic ulcer ,436,22
2005,Peptic ulcer ,390,25
2006,Peptic ulcer ,380,25
2007,Peptic ulcer ,410,25
2008,Peptic ulcer ,433,24
2009,Peptic ulcer ,420,24
2010,Peptic ulcer ,404,24
2011,Peptic ulcer ,395,24
2012,Peptic ulcer ,416,25
2013,Peptic ulcer ,471,23
2014,Peptic ulcer ,409,25
2015,Peptic ulcer ,401,25
2016,Peptic ulcer ,410,24
2017,Peptic ulcer ,460,23
2018,Peptic ulcer ,443,24
2019,Peptic ulcer ,490,23
2020,Peptic ulcer ,555,23
2021,Peptic ulcer ,575,23
2022,Peptic ulcer ,561,23
2001,Diseases of appendix ,40,36
2002,Diseases of appendix ,38,36
2003,Diseases of appendix ,42,35
2004,Diseases of appendix ,52,36
2005,Diseases of appendix ,38,36
2006,Diseases of appendix ,63,35
2007,Diseases of appendix ,60,35
2008,Diseases of appendix ,42,36
2009,Diseases of appendix ,63,34
2010,Diseases of appendix ,49,36
2011,Diseases of appendix ,38,36
2012,Diseases of appendix ,54,35
2013,Diseases of appendix ,51,36
2014,Diseases of appendix ,52,36
2015,Diseases of appendix ,41,36
2016,Diseases of appendix ,43,36
2017,Diseases of appendix ,55,35
2018,Diseases of appendix ,40,36
2019,Diseases of appendix ,47,35
2020,Diseases of appendix ,48,36
2021,Diseases of appendix ,57,36
2022,Diseases of appendix ,64,36
2001,Hernia ,204,28
2002,Hernia ,221,29
2003,Hernia ,240,27
2004,Hernia ,268,27
2005,Hernia ,273,27
2006,Hernia ,228,27
2007,Hernia ,266,27
2008,Hernia ,294,27
2009,Hernia ,312,27
2010,Hernia ,318,27
2011,Hernia ,345,26
2012,Hernia ,339,26
2013,Hernia ,360,26
2014,Hernia ,363,26
2015,Hernia ,374,26
2016,Hernia ,381,26
2017,Hernia ,385,25
2018,Hernia ,423,25
2019,Hernia ,446,25
2020,Hernia ,429,26
2021,Hernia ,464,25
2022,Hernia ,498,24
2001,Chronic liver disease and cirrhosis ,2269,11
2002,Chronic liver disease and cirrhosis ,2351,11
2003,Chronic liver disease and cirrhosis ,2352,11
2004,Chronic liver disease and cirrhosis ,2269,11
2005,Chronic liver disease and cirrhosis ,2348,11
2006,Chronic liver disease and cirrhosis ,2413,11
2007,Chronic liver disease and cirrhosis ,2651,11
2008,Chronic liver disease and cirrhosis ,2748,11
2009,Chronic liver disease and cirrhosis ,2683,11
2010,Chronic liver disease and cirrhosis ,2668,11
2011,Chronic liver disease and cirrhosis ,2855,11
2012,Chronic liver disease and cirrhosis ,2882,11
2013,Chronic liver disease and cirrhosis ,2961,11
2014,Chronic liver disease and cirrhosis ,3126,10
2015,Chronic liver disease and cirrhosis ,3176,10
2016,Chronic liver disease and cirrhosis ,3385,10
2017,Chronic liver disease and cirrhosis ,3463,10
2018,Chronic liver disease and cirrhosis ,3573,11
2019,Chronic liver disease and cirrhosis ,3708,11
2020,Chronic liver disease and cirrhosis ,4199,10
2021,Chronic liver disease and cirrhosis ,4617,9
2022,Chronic liver disease and cirrhosis ,4530,10
2001,Cholelithiasis and other disorders of gallbladder ,298,26
2002,Cholelithiasis and other disorders of gallbladder ,305,26
2003,Cholelithiasis and other disorders of gallbladder ,316,26
2004,Cholelithiasis and other disorders of gallbladder ,337,26
2005,Cholelithiasis and other disorders of gallbladder ,372,26
2006,Cholelithiasis and other disorders of gallbladder ,342,26
2007,Cholelithiasis and other disorders of gallbladder ,388,26
2008,Cholelithiasis and other disorders of gallbladder ,363,26
2009,Cholelithiasis and other disorders of gallbladder ,411,25
2010,Cholelithiasis and other disorders of gallbladder ,380,25
2011,Cholelithiasis and other disorders of gallbladder ,385,25
2012,Cholelithiasis and other disorders of gallbladder ,423,24
2013,Cholelithiasis and other disorders of gallbladder ,445,25
2014,Cholelithiasis and other disorders of gallbladder ,423,24
2015,Cholelithiasis and other disorders of gallbladder ,449,24
2016,Cholelithiasis and other disorders of gallbladder ,444,23
2017,Cholelithiasis and other disorders of gallbladder ,415,24
2018,Cholelithiasis and other disorders of gallbladder ,457,23
2019,Cholelithiasis and other disorders of gallbladder ,488,24
2020,Cholelithiasis and other disorders of gallbladder ,511,25
2021,Cholelithiasis and other disorders of gallbladder ,629,22
2022,Cholelithiasis and other disorders of gallbladder ,565,22
2001,"Nephritis, nephrotic syndrome and nephrosis ",3221,10
2002,"Nephritis, nephrotic syndrome and nephrosis ",3437,10
2003,"Nephritis, nephrotic syndrome and nephrosis ",3503,10
2004,"Nephritis, nephrotic syndrome and nephrosis ",3541,10
2005,"Nephritis, nephrotic syndrome and nephrosis ",3643,10
2006,"Nephritis, nephrotic syndrome and nephrosis ",3686,9
2007,"Nephritis, nephrotic syndrome and nephrosis ",3803,9
2008,"Nephritis, nephrotic syndrome and nephrosis ",3846,9
2009,"Nephritis, nephrotic syndrome and nephrosis ",3609,10
2010,"Nephritis, nephrotic syndrome and nephrosis ",3868,10
2011,"Nephritis, nephrotic syndrome and nephrosis ",3297,10
2012,"Nephritis, nephrotic syndrome and nephrosis ",3327,10
2013,"Nephritis, nephrotic syndrome and nephrosis ",2978,10
2014,"Nephritis, nephrotic syndrome and nephrosis ",3098,11
2015,"Nephritis, nephrotic syndrome and nephrosis ",3129,11
2016,"Nephritis, nephrotic syndrome and nephrosis ",3054,11
2017,"Nephritis, nephrotic syndrome and nephrosis ",3275,11
2018,"Nephritis, nephrotic syndrome and nephrosis ",3613,10
2019,"Nephritis, nephrotic syndrome and nephrosis ",3770,10
2020,"Nephritis, nephrotic syndrome and nephrosis ",4065,12
2021,"Nephritis, nephrotic syndrome and nephrosis ",3978,11
2022,"Nephritis, nephrotic syndrome and nephrosis ",4234,11
2001,Infections of kidney ,90,31
2002,Infections of kidney ,98,31
2003,Infections of kidney ,97,30
2004,Infections of kidney ,123,30
2005,Infections of kidney ,126,30
2006,Infections of kidney ,129,30
2007,Infections of kidney ,120,30
2008,Infections of kidney ,117,30
2009,Infections of kidney ,106,30
2010,Infections of kidney ,117,30
2011,Infections of kidney ,120,30
2012,Infections of kidney ,120,30
2013,Infections of kidney ,110,32
2014,Infections of kidney ,124,30
2015,Infections of kidney ,121,31
2016,Infections of kidney ,113,31
2017,Infections of kidney ,141,29
2018,Infections of kidney ,163,29
2019,Infections of kidney ,168,28
2020,Infections of kidney ,188,29
2021,Infections of kidney ,203,30
2022,Infections of kidney ,207,30
2001,Hyperplasia of prostate ,45,34
2002,Hyperplasia of prostate ,50,35
2003,Hyperplasia of prostate ,58,33
2004,Hyperplasia of prostate ,70,32
2005,Hyperplasia of prostate ,60,34
2006,Hyperplasia of prostate ,74,33
2007,Hyperplasia of prostate ,99,31
2008,Hyperplasia of prostate ,88,33
2009,Hyperplasia of prostate ,77,32
2010,Hyperplasia of prostate ,94,31
2011,Hyperplasia of prostate ,117,31
2012,Hyperplasia of prostate ,112,31
2013,Hyperplasia of prostate ,111,31
2014,Hyperplasia of prostate ,111,31
2015,Hyperplasia of prostate ,148,29
2016,Hyperplasia of prostate ,134,30
2017,Hyperplasia of prostate ,132,30
2018,Hyperplasia of prostate ,150,30
2019,Hyperplasia of prostate ,123,30
2020,Hyperplasia of prostate ,188,29
2021,Hyperplasia of prostate ,172,31
2022,Hyperplasia of prostate ,203,31
2001,Inflammatory diseases of female pelvic organs ,10,39
2002,Inflammatory diseases of female pelvic organs ,10,39
2003,Inflammatory diseases of female pelvic organs ,13,39
2004,Inflammatory diseases of female pelvic organs ,11,40
2005,Inflammatory diseases of female pelvic organs ,11,40
2006,Inflammatory diseases of female pelvic organs ,8,40
2007,Inflammatory diseases of female pelvic organs ,16,38
2008,Inflammatory diseases of female pelvic organs ,11,40
2009,Inflammatory diseases of female pelvic organs ,12,39
2010,Inflammatory diseases of female pelvic organs ,16,39
2011,Inflammatory diseases of female pelvic organs ,15,39
2012,Inflammatory diseases of female pelvic organs ,13,39
2013,Inflammatory diseases of female pelvic organs ,24,37
2014,Inflammatory diseases of female pelvic organs ,16,38
2015,Inflammatory diseases of female pelvic organs ,20,38
2016,Inflammatory diseases of female pelvic organs ,15,38
2017,Inflammatory diseases of female pelvic organs ,16,38
2018,Inflammatory diseases of female pelvic organs ,17,39
2019,Inflammatory diseases of female pelvic organs ,20,38
2020,Inflammatory diseases of female pelvic organs ,26,38
2021,Inflammatory diseases of female pelvic organs ,41,37
2022,Inflammatory diseases of female pelvic organs ,34,37
2001,"Pregnancy, childbirth and the puerperium ",26,37
2002,"Pregnancy, childbirth and the puerperium ",15,38
2003,"Pregnancy, childbirth and the puerperium ",23,37
2004,"Pregnancy, childbirth and the puerperium ",20,37
2005,"Pregnancy, childbirth and the puerperium ",30,37
2006,"Pregnancy, childbirth and the puerperium ",28,37
2007,"Pregnancy, childbirth and the puerperium ",24,37
2008,"Pregnancy, childbirth and the puerperium ",34,37
2009,"Pregnancy, childbirth and the puerperium ",29,37
2010,"Pregnancy, childbirth and the puerperium ",24,37
2011,"Pregnancy, childbirth and the puerperium ",18,38
2012,"Pregnancy, childbirth and the puerperium ",22,37
2013,"Pregnancy, childbirth and the puerperium ",23,38
2014,"Pregnancy, childbirth and the puerperium ",23,37
2015,"Pregnancy, childbirth and the puerperium ",27,37
2016,"Pregnancy, childbirth and the puerperium ",24,37
2017,"Pregnancy, childbirth and the puerperium ",27,37
2018,"Pregnancy, childbirth and the puerperium ",34,37
2019,"Pregnancy, childbirth and the puerperium ",32,36
2020,"Pregnancy, childbirth and the puerperium ",34,37
2021,"Pregnancy, childbirth and the puerperium ",30,38
2022,"Pregnancy, childbirth and the puerperium ",30,38
2001,Certain conditions originating in the perinatal period ,936,18
2002,Certain conditions originating in the perinatal period ,927,18
2003,Certain conditions originating in the perinatal period ,991,19
2004,Certain conditions originating in the perinatal period ,1024,19
2005,Certain conditions originating in the perinatal period ,1044,19
2006,Certain conditions originating in the perinatal period ,1013,18
2007,Certain conditions originating in the perinatal period ,1122,18
2008,Certain conditions originating in the perinatal period ,1107,18
2009,Certain conditions originating in the perinatal period ,1076,18
2010,Certain conditions originating in the perinatal period ,1130,18
2011,Certain conditions originating in the perinatal period ,1093,18
2012,Certain conditions originating in the perinatal period ,1080,18
2013,Certain conditions originating in the perinatal period ,1125,18
2014,Certain conditions originating in the perinatal period ,1100,18
2015,Certain conditions originating in the perinatal period ,1067,18
2016,Certain conditions originating in the perinatal period ,1031,19
2017,Certain conditions originating in the perinatal period ,1048,18
2018,Certain conditions originating in the perinatal period ,1033,19
2019,Certain conditions originating in the perinatal period ,1009,18
2020,Certain conditions originating in the perinatal period ,939,20
2021,Certain conditions originating in the perinatal period ,964,19
2022,Certain conditions originating in the perinatal period ,959,20
2001,"Congenital malformations, deformations and chromosomal abnormalities ",893,19
2002,"Congenital malformations, deformations and chromosomal abnormalities ",890,20
2003,"Congenital malformations, deformations and chromosomal abnormalities ",912,20
2004,"Congenital malformations, deformations and chromosomal abnormalities ",865,20
2005,"Congenital malformations, deformations and chromosomal abnormalities ",917,20
2006,"Congenital malformations, deformations and chromosomal abnormalities ",865,20
2007,"Congenital malformations, deformations and chromosomal abnormalities ",866,19
2008,"Congenital malformations, deformations and chromosomal abnormalities ",893,19
2009,"Congenital malformations, deformations and chromosomal abnormalities ",896,19
2010,"Congenital malformations, deformations and chromosomal abnormalities ",901,19
2011,"Congenital malformations, deformations and chromosomal abnormalities ",903,19
2012,"Congenital malformations, deformations and chromosomal abnormalities ",990,19
2013,"Congenital malformations, deformations and chromosomal abnormalities ",995,19
2014,"Congenital malformations, deformations and chromosomal abnormalities ",1008,19
2015,"Congenital malformations, deformations and chromosomal abnormalities ",995,19
2016,"Congenital malformations, deformations and chromosomal abnormalities ",1044,18
2017,"Congenital malformations, deformations and chromosomal abnormalities ",1010,19
2018,"Congenital malformations, deformations and chromosomal abnormalities ",1084,18
2019,"Congenital malformations, deformations and chromosomal abnormalities ",1009,18
2020,"Congenital malformations, deformations and chromosomal abnormalities ",1060,19
2021,"Congenital malformations, deformations and chromosomal abnormalities ",930,20
2022,"Congenital malformations, deformations and chromosomal abnormalities ",1037,19
2017,COVID-19 ,NA,NA
2018,COVID-19 ,NA,NA
2019,COVID-19 ,NA,NA
2020,COVID-19 ,15890,4
2021,COVID-19 ,14466,4
2022,COVID-19 ,19716,3
2001,Accidents (unintentional injuries) ,8521,5
2002,Accidents (unintentional injuries) ,9050,5
2003,Accidents (unintentional injuries) ,9047,5
2004,Accidents (unintentional injuries) ,8986,5
2005,Accidents (unintentional injuries) ,9506,5
2006,Accidents (unintentional injuries) ,9640,5
2007,Accidents (unintentional injuries) ,9951,5
2008,Accidents (unintentional injuries) ,10234,5
2009,Accidents (unintentional injuries) ,10250,5
2010,Accidents (unintentional injuries) ,10866,4
2011,Accidents (unintentional injuries) ,10961,5
2012,Accidents (unintentional injuries) ,11290,4
2013,Accidents (unintentional injuries) ,11452,5
2014,Accidents (unintentional injuries) ,11724,5
2015,Accidents (unintentional injuries) ,11833,5
2016,Accidents (unintentional injuries) ,12524,4
2017,Accidents (unintentional injuries) ,15034,3
2018,Accidents (unintentional injuries) ,15855,3
2019,Accidents (unintentional injuries) ,15527,3
2020,Accidents (unintentional injuries) ,16818,3
2021,Accidents (unintentional injuries) ,19257,3
2022,Accidents (unintentional injuries) ,18365,4
2001,Intentional self-harm (suicide) ,3692,9
2002,Intentional self-harm (suicide) ,3650,9
2003,Intentional self-harm (suicide) ,3765,9
2004,Intentional self-harm (suicide) ,3613,9
2005,Intentional self-harm (suicide) ,3743,9
2006,Intentional self-harm (suicide) ,3512,10
2007,Intentional self-harm (suicide) ,3611,10
2008,Intentional self-harm (suicide) ,3705,10
2009,Intentional self-harm (suicide) ,3890,9
2010,Intentional self-harm (suicide) ,3951,9
2011,Intentional self-harm (suicide) ,3896,9
2012,Intentional self-harm (suicide) ,3926,9
2013,Intentional self-harm (suicide) ,4054,9
2014,Intentional self-harm (suicide) ,4254,9
2015,Intentional self-harm (suicide) ,4405,9
2016,Intentional self-harm (suicide) ,3978,9
2017,Intentional self-harm (suicide) ,4462,9
2018,Intentional self-harm (suicide) ,4576,9
2019,Intentional self-harm (suicide) ,4581,9
2020,Intentional self-harm (suicide) ,4152,11
2021,Intentional self-harm (suicide) ,3769,12
2022,Intentional self-harm (suicide) ,3593,13
2001,Assault (homicide) ,463,23
2002,Assault (homicide) ,462,22
2003,Assault (homicide) ,447,22
2004,Assault (homicide) ,515,21
2005,Assault (homicide) ,576,21
2006,Assault (homicide) ,487,21
2007,Assault (homicide) ,515,21
2008,Assault (homicide) ,575,21
2009,Assault (homicide) ,574,21
2010,Assault (homicide) ,524,21
2011,Assault (homicide) ,545,21
2012,Assault (homicide) ,493,22
2013,Assault (homicide) ,446,24
2014,Assault (homicide) ,439,23
2015,Assault (homicide) ,456,23
2016,Assault (homicide) ,396,25
2017,Assault (homicide) ,537,22
2018,Assault (homicide) ,517,22
2019,Assault (homicide) ,531,21
2020,Assault (homicide) ,559,22
2021,Assault (homicide) ,431,26
2022,Assault (homicide) ,306,27
2001,Legal intervention ,7,40
2002,Legal intervention ,7,40
2003,Legal intervention ,6,41
2004,Legal intervention ,13,39
2005,Legal intervention ,16,38
2006,Legal intervention ,9,39
2007,Legal intervention ,13,39
2008,Legal intervention ,16,38
2009,Legal intervention ,19,38
2010,Legal intervention ,18,38
2011,Legal intervention ,23,37
2012,Legal intervention ,13,39
2013,Legal intervention ,16,39
2014,Legal intervention ,15,39
2015,Legal intervention ,13,39
2016,Legal intervention ,12,39
2017,Legal intervention ,16,38
2018,Legal intervention ,18,38
2019,Legal intervention ,14,39
2020,Legal intervention ,22,39
2021,Legal intervention ,11,39
2022,Legal intervention ,9,41
2001,Operations of war and their sequelae ,0,45
2002,Operations of war and their sequelae ,1,43
2003,Operations of war and their sequelae ,0,45
2004,Operations of war and their sequelae ,1,42
2005,Operations of war and their sequelae ,0,45
2006,Operations of war and their sequelae ,0,45
2007,Operations of war and their sequelae ,0,45
2008,Operations of war and their sequelae ,1,45
2009,Operations of war and their sequelae ,1,45
2010,Operations of war and their sequelae ,2,44
2011,Operations of war and their sequelae ,0,46
2012,Operations of war and their sequelae ,1,45
2013,Operations of war and their sequelae ,0,45
2014,Operations of war and their sequelae ,0,47
2015,Operations of war and their sequelae ,0,45
2016,Operations of war and their sequelae ,1,44
2017,Operations of war and their sequelae ,1,43
2018,Operations of war and their sequelae ,0,46
2019,Operations of war and their sequelae ,0,46
2020,Operations of war and their sequelae ,1,44
2021,Operations of war and their sequelae ,1,45
2022,Operations of war and their sequelae ,0,46
2001,Complications of medical and surgical care ,159,29
2002,Complications of medical and surgical care ,225,28
2003,Complications of medical and surgical care ,193,29
2004,Complications of medical and surgical care ,176,29
2005,Complications of medical and surgical care ,205,29
2006,Complications of medical and surgical care ,212,28
2007,Complications of medical and surgical care ,192,29
2008,Complications of medical and surgical care ,218,29
2009,Complications of medical and surgical care ,213,29
2010,Complications of medical and surgical care ,159,29
2011,Complications of medical and surgical care ,175,29
2012,Complications of medical and surgical care ,147,29
2013,Complications of medical and surgical care ,134,29
2014,Complications of medical and surgical care ,147,29
2015,Complications of medical and surgical care ,144,30
2016,Complications of medical and surgical care ,168,29
2017,Complications of medical and surgical care ,128,31
2018,Complications of medical and surgical care ,168,28
2019,Complications of medical and surgical care ,162,29
2020,Complications of medical and surgical care ,169,31
2021,Complications of medical and surgical care ,205,29
2022,Complications of medical and surgical care ,279,28
2001,Other causes of death,26947,NA
2002,Other causes of death,27782,NA
2003,Other causes of death,28838,NA
2004,Other causes of death,29266,NA
2005,Other causes of death,30898,NA
2006,Other causes of death,33373,NA
2007,Other causes of death,34788,NA
2008,Other causes of death,35317,NA
2009,Other causes of death,36290,NA
2010,Other causes of death,37611,NA
2011,Other causes of death,40031,NA
2012,Other causes of death,40917,NA
2013,Other causes of death,43337,NA
2014,Other causes of death,45877,NA
2015,Other causes of death,48046,NA
2016,Other causes of death,51263,NA
2017,Other causes of death,52768,NA
2018,Other causes of death,57203,NA
2019,Other causes of death,58893,NA
2020,Other causes of death,62898,NA
2021,Other causes of death,66268,NA
2022,Other causes of death,78354,NA
